file_path,summary,prompt,tags
/Users/admin/Desktop/Research_Data/A2004030118.pdf,"The document appears to be a research paper on the pressure distribution of a horizontal well in an oil reservoir. The study investigates the effects of simultaneous flow regimes on pressure and pressure derivatives (P' and P, respectively) at different times (t).

Key findings:

* The graph (Figure 6) shows that log(P) and log(P') exhibit similar patterns across all flow regimes.
* Table VII presents P and P' values for varying t at constant L (7.0013), y (0.2919), and h (0.1305).
* The data suggests that pressure decreases with increasing time, while the pressure derivative remains relatively constant.

The study's findings have implications for optimizing oil reservoir management, as understanding pressure distribution can inform decisions on well placement and operation.","Summarise this document using 150 words, highlight only important information","Reservoir Engineering, Log Pressure, Well Test"
/Users/admin/Desktop/Research_Data/Assessment_Of_Lead_Content_In_Soil_Samples_Obtaine.pdf,"Based on the provided context, here is a summary of the document in 150 words, highlighting only important information:

This document appears to be a research paper or journal article titled ""Assessment Of Lead Content In Soil Samples Obtained"" by Daniel T H Manurung. The document contains references to various studies and reports related to lead exposure, toxicity, and environmental health.

The key findings and highlights from the document include:

* Studies on source and pathways of lead in humans, particularly in mining communities (Gulson et al., 1994)
* Reports on mass lead intoxication due to informal battery recycling (Haefliger et al., 2009) and medical surveillance of lead-exposed workers (Hipkins et al., 1998)
* Research on the effects of soil abatement on blood lead levels in children living near former smelting operations (Lanphear et al., 2003; Von et al., 2003)
* Discussions on sustainable development, community health, and livelihoods in a mining context (Nagao et al., 2019)

These studies suggest that lead exposure remains a significant environmental and public health concern, particularly in communities affected by mining activities.","Summarise this document using 150 words, highlight only important information","Assay Data, Geochemical Report, Mineral Resource Estimate Report"
/Users/admin/Desktop/Research_Data/Sw.pdf,"The document discusses the calculation of water saturation in a well using Archie's formula and other methods. The average water saturation for 10 core samples from the well was found to be 30.5%. The document also presents two techniques: common values technique and 3-D technique, which use different parameters such as a, m, and n.

The study finds that the average water saturation of 85 saturation points was 30.5%, and that using Archie's formula with shaly sand water saturation models yields an average value of 6.5%. The document highlights the importance of considering reservoir wettability conditions when calculating water saturation.

The study also presents a sensitivity test, which shows that the use of different saturation exponents (n) has a significant impact on the calculated water saturation values. The document concludes that the water saturation profiles increase exponentially with increasing saturation exponent (n).","Summarise this document using 150 words, highlight only important information","Reservoir Engineering, Well Test, Log Curve"
/Users/admin/Desktop/Research_Data/Marine_and_Petroleum_Geology.pdf,"The document discusses the relationship between pore pressure and stress in sedimentary basins. It presents a model of uniaxial deformations that assumes fluid overpressure is laterally homogeneous, but notes that this may not be true in real-world situations where sediments can have spatial variability.

The document highlights the importance of considering both ""basin-scale"" and ""localized"" pore pressure/stress coupling for trap integrity evaluation. It presents equations (8) and (10) to describe the relationship between pressure and stress, with equation (8) being a key expression derived from poroelasticity equations in uniaxial strain conditions.

The document also notes that horizontal fractures may develop at depth in source rocks, which can have significant consequences for hydrodynamic behavior and hydrocarbon migration. Overall, the document emphasizes the need to consider both basin-scale and localized effects when evaluating pore pressure/stress coupling and trap integrity.","Summarise this document using 150 words, highlight only important information","Reservoir Engineering, Log Pressure, Seismic Report"
/Users/admin/Desktop/Research_Data/Water_Influence_on_the_Determination_of_the_Rock_M.pdf,"The document discusses the determination of the rock matrix bulk modulus (Ks) in reservoir engineering and rock-fluid coupling projects. Three experimental methods were used to measure Ks of seven sandstone specimens from the Świętokrzyskie mine in Poland. The methods are based on different governing equations in poroelasticity theory. An acoustic wave propagation apparatus was used to perform the tests, and exponential correlations were observed between Ks and the applied hydrostatic stress. It was found that incorporating the dry bulk modulus led to an underestimation of Ks. As the hydrostatic stress increased, Ks also increased. The study concludes that the matrix bulk modulus is crucial in rock strength against external stresses and depends on the pore fluid bulk modulus and matrix bulk modulus.","Summarise this document using 150 words, highlight only important information","Reservoir Engineering, Well Test, Log Pressure"
/Users/admin/Desktop/Research_Data/sim3522_pamphlet.pdf,"This is a scientific report on the bedrock geology of the Woodstock Quadrangle in Grafton County, New Hampshire. The study revises previous interpretations of the area's geological history and presents new findings.

The report summarizes that the quadrangle contains a deformed F-synform, which has been misinterpreted as the Bagley Brook basin. In reality, it is a structural basin resulting from an interference pattern of early folds overprinted by F-folds. The study also reclassifies some rocks, including the Perry Mountain Formation and calc-silicate granofels in the Rangeley Formation.

The report highlights several important findings:

* The widespread metaturbidites of the Central Maine trough extended into central New Hampshire.
* The Bagley Brook basin preserves a disconformity at the base of the Littleton Formation, and another may exist at the base of the Perry Mountain Formation.
* A new interpretation presents a ""low-angle thrust fault"" in the form of a ""syncline overprinted by F and F folds"".","Summarise this document using 150 words, highlight only important information","Gravity Survey, Seismic Report, Mineral Resource Estimate Report"
/Users/admin/Desktop/Research_Data/sir20235093-2.pdf,"The document is an analysis of high-resolution single-channel seismic data for sediment resource evaluation on the Eastern Texas and Western Louisiana Continental Shelf in the Gulf of Mexico. The study area includes Pleistocene fluvial systems, which are potential targets for sediment resources. A prominent shoal (Sabine Bank) has been extensively studied, but smaller shoals have not been fully assessed. High-resolution seismic profiles (HRSPs) show near-surface artifacts due to acoustic sources used in the 1980 survey, making it difficult to identify fluvial systems within vibracore sampling depth. However, a potential subsurface target representing fluvial deposits has been identified at sites 23 and 24. The HRSP data can be targeted with direct sampling (sites 9-22) to determine sedimentology and potentially identify buried fluvial channels.","Summarise this document using 150 words, highlight only important information","Seismic Report, Reservoir Engineering, Log Pressure"
/Users/admin/Desktop/Research_Data/Machine_Learning_in_Reservoir_Engineering_A_Review.pdf,"The document reviews the applications of machine learning in reservoir engineering, focusing on three key scenarios: hydraulic fracturing and acidizing, chemical flooding and gas flooding, and water injection. In the first scenario, machine learning is used to evaluate reservoir stimulation and production enhancement, with algorithms such as gradient boosting and random forests (RF) showing promise. In the second scenario, machine learning is applied to predict oil displacement efficiency, design and optimize flooding plans, and study key factors in chemical and gas flooding. Algorithms such as LSSVM, LSTM, CNN-LSTM, ANN, LR, XGBoost-PSO, and multi-objective optimization are used for these purposes. The document highlights the advantages of machine learning in reservoir engineering, including improved prediction accuracy, optimized decision-making, and reduced costs. However, it also notes existing challenges and limitations, such as data quality issues and the need for further research to overcome these hurdles.","Summarise this document using 150 words, highlight only important information","Reservoir Engineering, Machine Learning, Mining/Mineral Processing"
/Users/admin/Desktop/Research_Data/A_Frequency_Domain_Methodology_for_Quantitative_Ev.pdf,"This document presents a frequency domain methodology for quantitative evaluation of diffuse wavefield (EDWav) in seismology. The authors developed a method to minimize the residual of the zero-order Bessel function with attenuation and real part of coherency, allowing for consistent comparison between observed and predicted coherency spectrograms. The method was applied to a local M2.2 earthquake recorded by a spatially dense array, successfully separating ballistic and diffuse code waves. The extracted dispersion curve exhibited good consistency with that determined using the Frequency-Bessel method.

The methodology was validated through its ability to estimate the mean apparent Q-value (5.33) which fell within the uncertainty range of the authors' results (5.91 ± 0.73). The EDWav method has potential applications in monitoring temporal changes of velocity and Q-values at high resolution during processes of fault zone damage and healing using diffuse code waves from aftershocks in large earthquake sequences, as well as monitoring sinkhole and landslide formation using diffuse waves generated by rail and road traffic with distributed acoustic sensing or nodal arrays.","Summarise this document using 150 words, highlight only important information","Seismic Report, Frequency Domain Electromagnetic, Reservoir Engineering"
/Users/admin/Desktop/Research_Data/Characteristics_of_the_Fault_Damage_Zone_From_High.pdf,"This document discusses the characteristics of the fault damage zone along the Palos Verdes Fault in California. The study uses high-resolution seismic imaging to analyze the fault's structure and behavior.

The main findings include:

* A decrease in fault damage towards the south (Figure 9)
* Estimation of displacement using theoretical relations between distance from the fault tip and displacement
* Four subsections of the fault in the southern region were analyzed, showing a consistent relationship between displacement and distance from the fault tip

Key assumptions made in the study include:

* Fault slip converging to zero at the fault tip (Segall, 2010)
* Slip rate remaining constant over time (Cowie et al., 2012)

The study's results demonstrate the effectiveness of high-resolution seismic imaging in understanding the structure and behavior of faults, particularly the estimation of displacement along strike.","Summarise this document using 150 words, highlight only important information","Seismic Report, Geological Report, Gravity Survey"
/Users/admin/Desktop/Research_Data/2221-ArticleText-10575-1-10-202310271.pdf,"The document presents a study on the performance of a water-drive oil reservoir. The cumulative oil production and tank pressure are shown to increase rapidly initially but slow down due to well shut-ins and high-water cuts. Water influx is found to be the dominant drive mechanism from 1999 to around 2021, after which it gradually increased and became the main drive mechanism.

The study aims to understand and analyze the reservoir performance by identifying the contribution of each drive mechanism. The results show that water saturation increases while oil saturation decreases over time. The water cut is expected to reach 90% in 2031, while the oil recovery factor is predicted to be around 20%.

Overall, the document highlights the importance of understanding the dominant drive mechanisms and their changes during production to optimize reservoir performance.","Summarise this document using 150 words, highlight only important information","Reservoir Engineering, Well Test, Log Pressure"
/Users/admin/Desktop/Research_Data/Seismic_Stratigraphic_Interpretation_Based_on_Unsu.pdf,"Here is a summary of the document in 150 words:

The document discusses seismic stratigraphic interpretation based on unsupervised validation and spectral clustering sampling. The authors propose a novel approach to handle the lack of labeled samples in few-shot learning for seismic segmentation. They introduce an unsupervised validation metric, SD (Sum of Differences), which measures the continuity of predicted labels between adjacent profiles. This metric is used to evaluate the performance of network models without requiring separate validation sets. The authors also compare the results of spectral clustering with k-means and SPS algorithms, demonstrating superior results and enhanced stability. They emphasize the importance of unsupervised validation in seismic segmentation, as traditional methods may not provide satisfactory or reliable results. The document provides a clear overview of the proposed approach and its advantages in handling the challenges of few-shot learning for seismic data.

Important information highlighted:

* Unsupervised validation metric: SD (Sum of Differences)
* Advantages: no need for separate validation sets
* Superior performance: spectral clustering over k-means and SPS algorithms","Summarise this document using 150 words, highlight only important information","Seismic Report, Reservoir Engineering, Log Pressure"
/Users/admin/Desktop/Research_Data/report.pdf,"This document describes the construction of an airstrip at Inigok, Alaska. The runway was built on snow and ice to reduce the amount of roadway construction needed. The route avoided steep grades and required multiple applications of snow and water to build up the thickness and strength of the road. Ice aggregate was used in some sectors, obtained from shallow lakes that freeze to the bottom each winter. The steepest grade section was ramped with snow and covered with gravel for better traction.

The airstrip was completed just before spring breakup in May 1978. Initially, only small aircraft could land, but after several days of freezing and thawing, the runway became suitable for larger planes like C-130s. The runway remained in use for over a year without interruption and was praised by pilots for its smoothness. Maintenance was minimal, with only one section needing to be dug up and replaced.","Summarise this document using 150 words, highlight only important information","Gravity Survey, Ground Gravity, Preliminary Feasibility Study"
