File_Id,Text,prompt_results,prompt,tags
1146,"Beneath the sky's vast, azure dome,
Where whispers of the wind do roam,
A world of dreams and fleeting light,
Awakes beneath the stars of night.
The moon, a pearl in velvet sea,
Reflects a calm tranquility,
While shadows dance in soft embrace,
And time itself slows down its pace.
In fields where wildflowers bloom,
Their petals paint the twilight's gloom,
A tapestry of hues so bright,
Weaving magic in the night.
Here in this realm of gentle glow,
Where whispered secrets softly flow,
We find our hearts, both bold and free,
Entwined with nature's poetry.","Based on the provided context, I can summarize the text as follows:

The poem describes a serene and enchanting world that exists beneath the stars at night. The key concepts highlighted are:

1. **Tranquility**: The moon reflects a calmness, and time slows down its pace, creating an atmosphere of peacefulness.
2. **Nature's beauty**: Wildflowers bloom in fields, painting the twilight with vibrant colors, weaving magic in the night.
3. **Whispers of secrets**: Softly flowing whispers reveal hidden truths, suggesting that the natural world holds mystical powers.
4. **Freedom and boldness**: Hearts are found to be free and unencumbered, intertwined with nature's poetic essence.

Overall, the poem presents a dreamy, idyllic world where one can find solace, beauty, and a deep connection with nature.",summarise this text outline the most important concepts,"education, none"
1165,"In markets vast where values blend,
The price of goods does twist and bend.
A token of what one will pay,
For wants and needs in life’s array.
From gleaming gold to simple bread,
The price is what our coins have said.
It speaks of work, of toil and strain,
Of dreams pursued, of losses gained.
Yet in the heart where treasures lie,
The worth of love we can’t deny.
For some things priceless, beyond a tag,
In moments rich, our spirits brag.
So while we count each dollar spent,
Remember worth and what it meant.","Based on the provided context, I've summarized the text and outlined the most important concepts:

**Summary:** The poem explores the idea that the price of goods is not just determined by their monetary value but also reflects the values, hard work, and sacrifices made to acquire them. It suggests that some things in life are priceless and cannot be measured by a price tag.

**Key Concepts:**

1. **The Price of Goods:** The poem highlights how the price of goods is influenced by various factors such as market forces, human effort, and emotional value.
2. **Beyond Monetary Value:** The text emphasizes that the true worth of something lies beyond its monetary value, encompassing aspects like love, hard work, and personal sacrifices.
3. **Priceless Things:** The poem conveys that some things in life are inherently valuable and cannot be reduced to a price tag or financial calculation.
4. **Intangible Worth:** The text underscores the importance of recognizing the emotional, psychological, and social value of certain experiences and relationships.

In summary, the poem encourages readers to consider the deeper significance and worth of goods, services, and experiences beyond their monetary value.",summarise this text outline the most important concepts,"economics, philosophy"
